opponent_effort,teacher1_effort
0,0.338376248483699
0.01,0.338395523844912
0.02,0.338415353854039
0.03,0.338435716208962
0.04,0.338456583644421
0.05,0.338477923630222
0.06,0.338499698094723
0.07,0.338521863181718
0.08,0.338544369049214
0.09,0.338567159719219
0.1,0.338590172987857
0.11,0.338613340405205
0.12,0.338636587334154
0.13,0.338659833097027
0.14,0.338682991218064
0.15,0.338705969768675
0.16,0.338728671820898
0.17,0.338750996012658
0.18,0.338772837226248
0.19,0.338794087378764
0.2,0.338814636320575
0.21,0.338834372834578
0.22,0.338853185725967
0.23,0.33887096498885
0.24,0.338887603032815
0.25,0.338902995949675
0.26,0.338917044797823
0.27,0.338929656879518
0.28,0.338940746984942
0.29,0.338950238575915
0.3,0.338958064882278
0.31,0.338964169884817
0.32,0.338968509160405
0.33,0.338971050567792
0.34,0.338971774755899
0.35,0.33897067548091
0.36,0.338967759723064
0.37,0.338963047599453
0.38,0.338956572074446
0.39,0.338948378474708
0.4,0.338938523820946
0.41,0.338927075993192
0.42,0.338914112750388
0.43,0.338899720628282
0.44,0.338883993742068
0.45,0.338867032521461
0.46,0.338848942406422
0.47,0.338829832531262
0.48,0.338809814423388
0.49,0.338789000741001
0.5,0.338767504071373
0.51,0.338745435808025
0.52,0.338722905121982
0.53,0.338700018038497
0.54,0.338676876627188
0.55,0.338653578310111
0.56,0.338630215289145
0.57,0.338606874091169
0.58,0.338583635227079
0.59,0.338560572958672
0.6,0.338537755165683
0.61,0.33851524330426
0.62,0.338493092447095
0.63,0.338471351395236
0.64,0.338450062851256
0.65,0.338429263643785
0.66,0.338408984993638
0.67,0.338389252812448
0.68,0.338370088025266
0.69,0.338351506909481
0.7,0.33833352144313
0.71,0.33831613965662
0.72,0.338299365982601
0.73,0.338283201599645
0.74,0.338267644766113
0.75,0.33825269114126
0.76,0.338238334091389
0.77,0.338224564979335
0.78,0.338211373436155
0.79,0.338198747614334
0.8,0.338186674422138
0.81,0.338175139739215
0.82,0.338164128613619
0.83,0.338153625440844
0.84,0.338143614125448
0.85,0.338134078226122
0.86,0.338125001085046
0.87,0.338116365942505
0.88,0.338108156037722
0.89,0.338100354696926
0.9,0.338092945409626
0.91,0.338085911894089
0.92,0.338079238152972
0.93,0.338072908519963
0.94,0.338066907698373
0.95,0.338061220792461
0.96,0.338055833332223
0.97,0.338050731292443
0.98,0.338045901106596
0.99,0.338041329676231
1,0.338037004376418
